{"cameraMode":{"drawMode":0,"name":"Shaded","section":"Shading Mode"},"sceneLighting":true,"audioPlay":false,"sceneViewState":{"m_AlwaysRefresh":false,"showFog":true,"showSkybox":true,"showFlares":true,"showImageEffects":true,"showParticleSystems":true,"showVisualEffectGraphs":true,"m_FxEnabled":true},"in2DMode":false,"pivot":{"x":0.29476118087768557,"y":-1.1248998641967774,"z":0.31526660919189455},"rotation":{"x":0.18042398989200593,"y":0.029502805322408677,"z":-0.0054143453016877178,"w":0.9831317067146301},"size":6.787909030914307,"orthographic":false}